measure,n,mean,sd,cohens_d
AI,180,0.003788888888888889,0.2529233546739815,0.014980383657226003
|AI|,180,0.15888888888888889,0.19646359177367517,0.8087447015217348
