model,n,mean_auc_pse,sd_auc_pse,mean_auc_jnd,sd_auc_jnd
ABS1,180,762.8033333333331,508.965200366742,1034.0833333333333,867.5070242015946
REL1,180,834.5933333333328,514.5307043951441,791.7677777777777,552.0772042050418
REL2,180,944.9000000000001,588.1657807951123,748.8455555555556,539.9634044419688
