model,n,mean,sd,median,min,max
ABS1,180,40,0,40,40,40
REL1,180,40.22222222222222,2.102288073949935,40,40,60
REL2,180,40.333333333333336,2.567523859859869,40,40,60
