term,SSn,dfn,SSd,dfd,MSEn,MSEd,F,parametric P(>F),resampled P(>F)
modality,0.03066838010575717,1,0.6036788304749552,16,0.03066838010575717,0.0377299269046847,0.8128396374377619,0.3806536229642683,0.3832
age_z,0.010332658874280422,1,0.6036788304749582,16,0.010332658874280422,0.037729926904684886,0.2738584386973044,0.6079274539245725,0.5956
gender,0.02542077345617106,1,0.6036788304749803,16,0.02542077345617106,0.03772992690468627,0.6737562338880031,0.42380661898325833,0.4208
algorithm,9.791026919703219,1,0.6386072762680419,18,9.791026919703219,0.03547818201489122,275.9731858750159,2.3081536681957004e-12,2e-4
modality:algorithm,0.033226386712046516,1,0.6386072762680387,18,0.033226386712046516,0.03547818201489104,0.9365301383847856,0.34599594568318637,0.349
