term,SSn,dfn,SSd,dfd,MSEn,MSEd,F,parametric P(>F),resampled P(>F)
modality,1180.657344497805,1,4136.126815476252,16,1180.657344497805,258.50792596726575,4.567199787318355,0.0483774179081351,0.0458
age_z,181.62860486796097,1,4136.126815476254,16,181.62860486796097,258.50792596726586,0.7026036211011963,0.414257417934355,0.4094
gender,17.426009761837964,1,4136.1268154762565,16,17.426009761837964,258.50792596726603,0.06740996314381695,0.7984570787767042,0.801
algorithm,525.964555038498,1,3115.7114136104574,18,525.964555038498,173.0950785339143,3.038587575645292,0.09836297180904441,0.0902
modality:algorithm,17.394684090501375,1,3115.7114136104574,18,17.394684090501375,173.0950785339143,0.10049207775190014,0.7548872421734792,0.7646
