term,SSn,dfn,SSd,dfd,MSEn,MSEd,F,parametric P(>F),resampled P(>F)
modality,138.76863916857374,1,1032.1181474335958,16,138.76863916857374,64.50738421459974,2.151205491559317,0.1618372738142383,0.1666
age_z,81.26991307727515,1,1032.118147433612,16,81.26991307727515,64.50738421460075,1.2598544192539174,0.27824051438192876,0.2856
gender,22.998309866264407,1,1032.1181474336574,16,22.998309866264407,64.50738421460359,0.35652212760253116,0.558799802564975,0.556
algorithm,82246.59167510852,1,1130.4693540029027,18,82246.59167510852,62.80385300016126,1309.5787558590926,0,2e-4
modality:algorithm,147.37298434083382,1,1130.4693540028898,18,147.37298434083382,62.803853000160544,2.346559602648218,0.14294657260889865,0.1424
