term,SSn,dfn,SSd,dfd,MSEn,MSEd,F,parametric P(>F),resampled P(>F)
modality,21.950448151615397,1,6666.764099694613,16,21.950448151615397,416.6727562309133,0.05268030564362315,0.821371666399729,0.8248
age_z,275.87009570167726,1,6666.764099694652,16,275.87009570167726,416.67275623091575,0.6620785534362916,0.42777085077294286,0.4228
gender,33.003137277650694,1,6666.7640996949285,16,33.003137277650694,416.67275623093303,0.07920637186886134,0.7819830982619896,0.777
algorithm,1242.1891128365094,1,1186.2330540015082,18,1242.1891128365094,65.90183633341712,18.84908193683561,3.931739058069539e-4,4e-4
modality:algorithm,475.36304652590076,1,1186.2330540015178,18,475.36304652590076,65.90183633341765,7.213198796478037,0.015101859074504898,0.0154
